﻿<?xml version="1.0" encoding="UTF-8"?>
<Theme>
	<Fonts>
		<Font name="default" FaceName="宋体" FontSize="12" Bold="false" Underline="false" Italic="false"/>
		<Font name="wintitle" FaceName="宋体" FontSize="12" Bold="true" Underline="false" Italic="false"/>
		<Font name="texttitle" FaceName="宋体" FontSize="14" Bold="true" Underline="false" Italic="false"/>
		<Font name="link" FaceName="宋体" FontSize="12" Bold="false" Underline="true" Italic="false"/>
		<Font name="default_yh" FaceName="微软雅黑" FontSize="12" Bold="false" Underline="false" Italic="false"/>
		<Font name="wintitle_yh" FaceName="微软雅黑" FontSize="14" Bold="true" Underline="false" Italic="false"/>
		<Font name="texttitle_yh" FaceName="微软雅黑" FontSize="16" Bold="true" Underline="false" Italic="false"/>
		<Font name="link_yh" FaceName="微软雅黑" FontSize="12" Bold="false" Underline="true" Italic="false"/>
		<Font name="boldtext_yh" FaceName="微软雅黑" FontSize="12" Bold="true" Underline="false" Italic="false"/>
		<Font name="texttiltle_big" FaceName="宋体" FontSize="15" Bold="true" Underline="false" Italic="false"/>
	</Fonts>
	<WinTheme>
		<win name="StandardWin">
			<prop name="roundCorner" value="5,5" />
			<prop name="showmax" value="false" />
			<prop name="showmin" value="false" />
			<prop name="captionheight" value="20" />
			<prop name="Bkimg" value="file='2.png' drawgrid='10,30,10,30' mask='0' alpha='255'"/>
			<prop name="icon" value="file='TitleIcon.png' drawgrid='5,5,5,5' mask='0' alpha='255'"/>
			<prop name="bordersize" value="1"/>
			<prop name="bordercolor" value="#FF506264"/>
			<prop name="backgroundcolor" value="#FFFFFFFF"/>
			<prop name="maxbox_normal" value="file='btn_close_normal.png' drawgrid='8,8,8,8' mask='0' alpha='255'"/>
			<prop name="maxbox_highlight" value="file='btn_close_highlight.png' drawgrid='8,8,8,8' mask='0' alpha='255'"/>
			<prop name="maxbox_press" value="file='btn_close_down.png' drawgrid='8,8,8,8' mask='0' alpha='255'"/>
			<prop name="minbox_normal" value="file='btn_close_normal.png' drawgrid='10,10,10,10' mask='0' alpha='255'"/>
			<prop name="minbox_highlight" value="file='btn_close_highlight.png' drawgrid='10,10,10,10' mask='0' alpha='255'"/>
			<prop name="minbox_press" value="file='btn_close_down.png' drawgrid='10,10,10,10' mask='0' alpha='255'"/>
			<prop name="closebox_normal" value="file='btn_close_normal.png'  mask='0' alpha='255'"/>
			<prop name="closebox_highlight" value="file='btn_close_highlight.png'  mask='0' alpha='255'"/>
			<prop name="closebox_press" value="file='btn_close_down.png'  mask='0' alpha='255'"/>
		</win>
	</WinTheme>
	<Controls>
		<Control name="Button">
			<prop name="normal" value="file='button-normal.png' drawgrid='10,10,10,10' mask='0' alpha='255'"/>
			<prop name="focus" value="file='button-hold.png' drawgrid='10,10,10,10' mask='#FFFF00FF' alpha='255'"/>
			<prop name="highlight" value="file='button-hold.png' drawgrid='10,10,10,10' mask='#FFFF00FF' alpha='255'"/>
			<prop name="press" value="file='button-click.png' drawgrid='10,10,10,10' mask='#FFFF00FF' alpha='255'"/>
			<prop name="disable" value="file='button-invalid.png' drawgrid='10,10,10,10' mask='#FFFF00FF' alpha='255'"/>
		</Control>
		<Control name="CheckBox">
			<prop name="textoffset" value="10"/>
			<prop name="normal" value="file='box-normal.png' drawgrid='5,5,5,5' mask='#FFFF00FF' alpha='255'"/>
			<prop name="highlight" value="file='box-highlight.png' drawgrid='5,5,5,5' mask='#FFFF00FF' alpha='255'"/>
			<prop name="normal_checked" value="file='box-checked.png' drawgrid='5,5,5,5' mask='#FFFF00FF' alpha='255'"/>
			<prop name="highlight_checked" value="file='box-checked-highlight.png' drawgrid='5,5,5,5' mask='#FFFF00FF' alpha='255'"/>
		</Control>
		<Control name="ImgButton">
			<prop name="minoffset" value="5"/>
			<prop name="normal" value="file='button-normal.png' drawgrid='10,10,10,10' mask='0' alpha='255'"/>
			<prop name="focus" value="file='button-hold.png' drawgrid='10,10,10,10' mask='#FFFF00FF' alpha='255'"/>
			<prop name="highlight" value="file='button-hold.png' drawgrid='10,10,10,10' mask='#FFFF00FF' alpha='255'"/>
			<prop name="press" value="file='button-click.png' drawgrid='10,10,10,10' mask='#FFFF00FF' alpha='255'"/>
			<prop name="disable" value="file='button-invalid.png' drawgrid='10,10,10,10' mask='#FFFF00FF' alpha='120'"/>
		</Control>
		<Control name="LinkText">
			<prop name="textcolor" value="#FF1A7FE3" />
			<prop name="highlighttextcolor" value="#FF1A7FE3" />
		</Control>
		<Control name="LinkTextEx">
			<prop name="linkcolor" value="#FF1A7FE3" />
		</Control>
		<Control name="Progress">
			<prop name="Bkimg" value="file='bar_base.png' drawgrid='5,3,5,3' mask='0' alpha='255'"/>
			<prop name="fgimage" value="file='bar.png' drawgrid='5,3,5,3' mask='0' alpha='255'" />
		</Control>
	</Controls>
</Theme>