﻿<?xml version="1.0" encoding="UTF-8"?>
<QPUI>
	<StandardWin size="341,170" title="QQ安全中心" Bkimg="file='orangebase.png' drawgrid='10,10,10,10' mask='0' alpha='255'" bordersize="0" >
		<Label name="tipicon" pos="27,49,65,88" Bkimg="file='info_org.png'" />
		<Label name="injecttitle" pos="82,49,335,69" font="2"  />
		<Label name="filelabel" pos="82,81,205,94" textcolor="#FF4E4E4E" />
		<LinkText name="openfilelink" linkfont="3" pos="218,81,278,94" textcolor="#FF1A7FE3"  />
		<Label name="dangerlabel" pos="82,102,340,116" textcolor="#FF4E4E4E"  />
		<CheckBox name="rememberbox" pos="12,143,200,160"  textoffset="20" />		
		<Button name="allowbtn"  pos="175,140,246,164"  />
		<Button name="disallowbtn"  pos="250,140,330,164"  />
	</StandardWin>
</QPUI>