﻿<?xml version="1.0" encoding="UTF-8"?>
<QPUI>
	<StandardWin size="462,215" title="QQ安全中心" Bkimg="file='redbase.png' drawgrid='10,10,10,10' mask='0' alpha='255'" bordersize="0" >
		<Label name="tipicon" pos="23,63,66,111" Bkimg="file='pcmgr_info_red.png'" />
		<Label name="injecttitle" pos="82,60,450,80" font="6"  />
		<Label name="trojanfilelabel" pos="82,94,142,107" font="4"/>
		<Label name="trojanfilename" pos="142,94,267,107" font="8" textcolor="#F3451d"/>		
		<Label name="pcmgrtip" pos="240,90,380,110" Bkimg="file='pcmgrtip_bk.png'" textcolor="#FFFFFF" font="4"/>
		<Label name="trojanpathlabel" pos="82,116,142,131" font="4"/>
		<Label name="trojanfilepath" pos="142,116,395,131" font="4"/>	
		<Button name="openfolderbtn" pos="435,118,449,129"/>	
		<CheckBox name="rememberbox" pos="21,180,280,197"  textoffset="20" font="4" />		
		<Button name="usepcmgrbtn" pos="295,171,451,203" />
		<Button name="downloadpcmgrbtn" pos="295,171,451,203" />
	</StandardWin>
</QPUI>